"bulan";"order_existing";"pelanggan_existing";"order_per_pelanggan_existing";"order_new";"pelanggan_new";"order_per_pelanggan_new"
2011-01-01;517;324;1.60;470;417;1.13
2011-02-01;575;378;1.52;422;380;1.11
2011-03-01;821;522;1.57;500;452;1.11
2011-04-01;810;556;1.46;339;300;1.13
2011-05-01;1227;772;1.59;328;284;1.15
2011-06-01;1123;749;1.50;270;242;1.12
2011-07-01;1118;761;1.47;213;188;1.13
2011-08-01;1098;766;1.43;182;169;1.08
2011-09-01;1419;967;1.47;336;299;1.12
2011-10-01;1505;1006;1.50;424;358;1.18
2011-11-01;2260;1341;1.69;397;323;1.23
